1299,Unknow,10/11/2022
1056,Ho Chi Minh City City,10/11/2022
859,Ha Noi City,10/11/2022
24,Da Nang City,10/11/2022
14,Dong Nai City,10/11/2022
13,Binh Duong City,10/11/2022
11,Hai Phong City,10/11/2022
9,Ba Ria Vung Tau City,10/11/2022
6,Can Tho City,10/11/2022
6,Dong Thap City,10/11/2022
6,Hong Kong City,10/11/2022
5,Bac Giang City,10/11/2022
5,Khanh Hoa City,10/11/2022
5,Thua Thien Hue City,10/11/2022
4,Long An City,10/11/2022
4,Tay Ninh City,10/11/2022
3,Bac Ninh City,10/11/2022
3,Ninh Binh City,10/11/2022
3,Nghe An City,10/11/2022
3,Vinh Phuc City,10/11/2022
2,Hai Duong City,10/11/2022
2,Lam Dong City,10/11/2022
2,Son La City,10/11/2022
2,Thanh Hoa City,10/11/2022
2,Vinh Long City,10/11/2022
1,Bangkok City,10/11/2022
1,Dak Nong City,10/11/2022
1,Edmonton City,10/11/2022
1,Gia Lai City,10/11/2022
1,Ha Nam City,10/11/2022
1,Hung Yen City,10/11/2022
1,Long Xuyen City,10/11/2022
1,Mathews City,10/11/2022
1,Ninh Thuan,10/11/2022
1,Petershagen City,10/11/2022
1,Phu Tho City,10/11/2022
1,Quang Nam City,10/11/2022
1,Quang Ninh City,10/11/2022
1,Quang Tri City,10/11/2022
1,Singapore City,10/11/2022
1,Soc Trang City,10/11/2022
1,Thai Binh City,10/11/2022
1,Tra Vinh City,10/11/2022
1,Utsunomiya City,10/11/2022
